id;title;body;author
1;Saint Helena Pound mesh;../fake-data/blob/hipster.txt;EXE Tasty Rubber Chips
2;action-items;../fake-data/blob/hipster.txt;Steel leading-edge
3;1080p help-desk;../fake-data/blob/hipster.txt;Tools
4;Home Loan Account;../fake-data/blob/hipster.txt;overriding Pataca
5;orchid New York;../fake-data/blob/hipster.txt;Isle
6;mobile repurpose Optimized;../fake-data/blob/hipster.txt;hardware
7;Suriname Handmade Common;../fake-data/blob/hipster.txt;solution-oriented Incredible Cotton Tuna Illinois
8;enterprise exploit collaborative;../fake-data/blob/hipster.txt;Costa Rica Chair
9;connect Developer plum;../fake-data/blob/hipster.txt;withdrawal partnerships Avon
10;Checking Account Gorgeous Wooden Chicken;../fake-data/blob/hipster.txt;Credit Card Account innovative
